id,name
1,Фрир О.
2,Гладкий В.
3,Галеф Д.
4,Чиркова С.
5,Лазенби Р.
6,Нестайко Вс.
7,Колычев В.Г.
8,Килеева В.А.
9,Степанова Т.Ю.
10,Снегов С.А.
11,Малиновская Е.
12,Хартманн А.
13,Бронте Ш.
14,Мелан В.
15,Грон О.
16,Гитман Е.
17,Енодина А.
18,Коротаева О.
19,Боярова М.
20,Вешнева О.
21,Рис К.
22,Андрианова Т.
23,Малиновская Е.М.
24,Прудникова Е.А.
25,Бланк Э.
26,Туманова А.
27,Кронин А.Дж.
28,Олкотт Л.М.
29,Уэллс Г.Дж.
30,Гранин Д.
31,Салтыков-Щедрин М.
32,Яркова А.
33,Шерстобитова О.С.
34,Соболева У.
35,Зорина У.
36,Левицки Е.
37,Ромадина О.
38,Сугралинов Д.
39,Хайд Х.
40,Гаврилова Я.
41,Дэй К.
42,Задунайский В.
43,Млечин Л.М.
44,Джеймс У.
45,Кервуд Дж.
46,Терхьюн А.П.
47,Остальский А.В.
48,Снежная Б.
49,Савицкий В.
50,Болотян И.
51,Качан В.
52,Бочков В.Б.
53,Гуреев М.А.
54,Жукова А.Г.
55,Соболянская Е.
56,Артемьева Г.
57,Каспер К.
58,Мейлахс П.А.
59,Марков Е.А.
60,Сервантес М.
61,Лазарева Я.
62,Вырубова А.А.
63,Дункан А.
64,Норт А.
65,Омер М.
66,Вюстер В.
67,Джеффрис Ш.
68,Егиазарян А.Н.
69,Львов Н.
70,Коулл В.
71,Снегирева И.
72,Сладкова Л.
73,Альман Л.
74,Блио Э.
75,Безрукова Е.
76,Корр К.
77,Прекрасная Л.
78,Зеркальный С.
79,Дорских Л.
80,Вкусная А.
81,Гущина Я.
82,Янук Е.
83,Тагай С.
84,Май Т.
85,Ских Р.
86,Немцова Я.
87,Орловский Г.Ю.
88,Богатикова О.
89,Ляпина Ю.
90,Никонова К.
91,Чалова Ю.
92,Кервуд Дж.О.
93,Тюнькин К.И.
94,Брандт Л.
95,Гавриленко А.Е.
